NAME,TEL,URL,ADDRESS1,ADDRES2,CITY,ZIP,lon,lat
Allipur AWC,Allipur,Aiyamma,Priya,40,9902451439,585201,77.0926094055,16.8438120815
Arakera B AWC,Yergola,Parimala,Priya,25,9901118137,585201,77.0227432251,16.8446335637
Ashanal AWC,Honagera,Shoba,Mahadevi,40,9632487186,585201,77.2163772583,16.8004327606
Balichakra AWC,Balichakra,Anita,Pratibha,40,9632487186,585201,77.2608375549,16.6759909272
Bandalli AWC,Alipur,Rachamma,Mahadevi H G,44,New York,585201,77.144536972,16.8022404305
Hedagmadra AWC,Mudnal,Suvarna,Priya,40,9964658090,585201,77.0155334473,16.8140720262
Honagera AWC,Honagera,Sudhabayi,Mahadevi H G,40,9880736793,585201,77.1865081787,16.8199875473
Horuncha AWC,Hattikuni,Padmavati,Mahadevi H G,39,9686378267,585201,77.1295166016,16.8377330024
Jinkera AWC,Koulur,Indira,Mahadevi H G,32,8095385108,585201,77.2056913376,16.6912422944
K.Shahpur AWC,Hattikuni,Tayamma,Mahadevi H G,35,9980338886,585201,77.1995544434,16.8515338733
Kalebelagundi AWC,Yelheri,Sharanamma,Pratibha Y Y,30,9632754470,585201,77.3130226135,16.6559279777
Killankera AWC,Koilur,Sabamma,Mahadevi H G,35,9945211208,585201,77.2615242004,16.6381655798
Koyiluru AWC,Koilur,Indira,Pratibha Y Y,30,9972233246,585201,77.1731185913,16.7180833879
Kyasapnalli,Yergola,Jayasri,Priya,31,9880806160,585201,77.3415184021,16.9059060692
Madhwar 2 AWC,Madhwar,Shivaneela,Pratibha Y Y,25,NA,585201,77.3386001587,16.6463891168
Madhwar AWC,Madhwar,Sulochana,Pratibha Y Y,25,8861046441,585201,77.3355102539,16.648691644
Mudnal,Mudnal,Manjula,Priya,38,9900489697,585201,77.2155189514,16.9264352999
Mundargi AWC,Balichakra,Shanta,Priya,27,9632760261,585201,77.1823883057,16.7769314858
Mustooru AWC,Koulur,Kamalamma,Mahadevi H G,25,9019689665,585201,77.1682691574,16.6986414411
Nagalapura AWC,Balichakra,Nagarekha,Pratibha Y Y,35,NA,585201,77.259979248,16.6934209618
Ramasamudra AWC,Balichakra,Subhadra,Pratibha Y Y,30,9880019962,585201,77.2342300415,16.7728225727
S.Hosalli AWC,Honagera,Ratnamma,Mahadevi H G,40,8197966119,585201,77.2275352478,16.8461122226
Thangunda AWC,Mudnal,Yankamma,Priya,40,9901752763,585201,77.0539855957,16.795420495
V.Nagar Thanda AWC,Allipur,Motibai,Priya,40,8747015203,585201,77.093038559,16.8366650359
Wadnalli AWC,Yergola,Rajeshwari,Priya,21,9731403663,585201,77.0615386963,16.8627052695
Warknahalli AWC,Balichakra,Sridevi,Pratibha Y Y,30,8722753708,585201,77.190284729,16.7473453301
Yaddalli AWC,Hattikuni,Kavita,Mahadevi H G,35,9591154450,585201,77.149772644,16.8398689173
Yadgir Gandhi Nagar AWC,Yadgir,Indirabayi,Pratibha Y Y,29,9008866490,585201,77.1372413635,16.7708502629
Yadgir Railway Station AWC,Yadgir,Parvati,Pratibha Y Y,33,9807882480,585201,77.1317052841,16.7449207051
Yargola 2 AWC,Yergola,Iramma,Priya,36,7760336518,585201,77.0648860931,16.9036066561
Yargola AWC,Yergola,Padmavati,Priya,40,9740012632,585201,77.0611953735,16.9057418263
Yelleri 2 AWC,Yelheri,Manohara,Pratibha Y Y,20,NA,585201,77.3315620422,16.7271254788
Yelleri AWC,Yelheri,Ramulamma,Pratibha Y Y,28,9964176918,585201,77.3313903809,16.7300846155
