X,Y,latitude,longitude,name
77.00004,16.84603,16.84603,77.00004,GOVT Higher Primary School ACHOLA     
77.3369,16.64734,16.64734,77.3369,GOVT Higher Primary School MADHWAR     
77.36219,16.68715,16.68715,77.36219,GOVT Higher Primary School YELSATTI1     
77.37753,16.60851,16.60851,77.37753,GOVT Higher Primary School WANKASAMBAR     
77.42467,16.64694,16.64694,77.42467,GOVT Higher Primary School JAIGRAM    
77.37058,16.66613,16.66613,77.37058,GOVT Higher Primary School TORANATIPPA     
77.06492,16.90572,16.90572,77.06492,GOVT Higher Primary School YERGOLA     
77.09431,16.84596,16.84596,77.09431,GOVT Higher Primary School ALLIPUR    
77.08953,16.8254,16.8254,77.08953,GOVT Higher Primary School KANCHAGARHALLI     
77.08082,16.85319,16.85319,77.08082,GOVT Higher Primary School VENKATESH NAGAR  YERGOLE  
77.06014,16.8645,16.8645,77.06014,GOVT Higher Primary School WADNAHALLI     
77.33162,16.73066,16.73066,77.33162,GOVT Higher Primary School URDU YELHERI    
77.31262,16.65722,16.65722,77.31262,GOVT Higher Primary School KALEBELAGUNDI     
77.29193,16.62021,16.62021,77.29193,GOVT Higher Primary School NEELAHALLI     
77.30306,16.60489,16.60489,77.30306,GOVT Higher Primary School KANEKAL     
77.26451,16.67626,16.67626,77.26451,GOVT Higher Primary School BALICHAKRA     
77.26173,16.63951,16.63951,77.26173,GOVT Higher Primary School KILLANKERA     
77.20275,16.60673,16.60673,77.20275,Govt Higher Primary School SAVUR    
77.19717,16.62454,16.62454,77.19717,GOVT Higher Primary School MALHAR     
77.15707,16.85078,16.85078,77.15707,GOVT Higher Primary School HATTIKUNI     
77.19816,16.85278,16.85278,77.19816,GOVT Higher Primary School KATTIGE SHAHAPUR    
77.14214,16.80202,16.80202,77.14214,GOVT Higher Primary School BANDALLI   
77.15009,16.83931,16.83931,77.15009,GOVT Higher Primary School YADDALLI     
77.13606,16.83884,16.83884,77.13606,GOVT Higher Primary School HORUNCHA     
77.13102,16.90302,16.90302,77.13102,GOVT Higher Primary School BACHAWAR     
77.18217,16.81615,16.81615,77.18217,GOVT Higher Primary School HONAGERA    
77.14417,16.76918,16.76918,77.14417,GOVT Model Primary School KOLIWADA    
77.23464,16.77147,16.77147,77.23464,GOVT Higher Primary School RAMASAMUDR     
77.18318,16.77843,16.77843,77.18318,GOVT Higher Primary School MUNDARGI    
77.21172,16.79521,16.79521,77.21172,GOVT Higher Primary School ASHANAL    
77.18891,16.74792,16.74792,77.18891,GOVT Higher Primary School WARKANHALLI     
77.17321,16.7191,16.7191,77.17321,GOVT Higher Primary School KOILUR     
77.16785,16.70023,16.70023,77.16785,GOVT Higher Primary School MUSTOR     
77.01499,16.81358,16.81358,77.01499,GOVT Higher Primary School HEDGIMADRA     
77.04659,16.81158,16.81158,77.04659,GOVT Higher Primary School BOMMASHETTAHALLI     
77.07587,16.76807,16.76807,77.07587,GOVT Higher Primary School ABBETUMKUR     
77.004,16.82515,16.82515,77.004,GOVT Higher Primary School TALAK     
77.3115,16.7543,16.7543,77.3115,GOVT Higher Primary School GHANAPUR     
