NAME,TEL,URL,ADRESS1,CITY,ZIP,lon,lat,ADDRESS2
Achola     ,Hedigemadra,Hanamanta,Kavita,7:45 to 9:45am,9591964192,77.00004,16.84603,
Madhwar     ,Madhwar ,Rudraswami,Murugayya,7:45 to 9:45am,9916239142,77.3369,16.64734,
Yelsatti ,Madhwar,Rudraswami,Nandeeshwari,4:00 to 6:00pm ,9945271285,77.36219,16.68715,
Wankasambar     ,Madhwar,Rudraswami,Basamma,7:45 to 9:45am,9591123580,77.37753,16.60851,
Jaigram    ,Madhwar,Rudraswami,Chennamma,7:45 to 9:45am,8971000805,77.42467,16.64694,
Toranatippa     ,Madhwar,Rudraswami,Laxmi ,4:00 to 6:00pm ,9972821546,77.37058,16.66613,
Yergola     ,Yargola,Vishwanath,Tayamma,4:00 to 6:00pm ,9972821546,77.06492,16.90572,11th Floor
Allipur    ,Yargola,Vishwanath,Laxmi ,4:00 to 6:00pm ,9632227845,77.09431,16.84596,
Kanchagarhalli     ,Yargola,Vishwanath,Devindrappa,4:00 to 6:00pm ,9591147588,77.08953,16.8254,5th Floor
Venkatesh nagar  yergole  ,Yargola,Vishwanath,Renuka ,4:00 to 6:00pm ,7259811907,77.08082,16.85319,
Wadnahalli     ,Yargola,Vishwanath,Sabamma,7:45 to 9:45am,9591150330,77.06014,16.8645,
Yelheri,Yelheri,Basavaraj,Pavitra ,4:00 to 6:00pm ,9591574552,77.33162,16.73066,Pelham Bay Park
Kalebelagundi     ,Yelheri,Basavaraj,Jyothi ,4:00 to 6:00pm ,8494869098,77.31262,16.65722,
Kanekal     ,Madhwar,Rudraswami,Shantamma ,7:45 to 9:45am,9916239142,77.30306,16.60489,
Balichakra     ,Balichakra,Basavaraj,Madhu ,4:00 to 6:00pm ,8722458894,77.26451,16.67626,
Killankera     ,Balichakra,Basavaraj,Devamma,4:00 to 6:00pm ,7353501904,77.26173,16.63951,
Savur    ,Balichakra,Basavaraj,Hanamanta ,7:45 to 9:45am,9916254058,77.20275,16.60673,
Malhar     ,Balichakra,Basavaraj,Bhimaraya ,4:00 to 6:00pm ,9686211097,77.19717,16.62454,
Hattikuni     ,Hattikuni,Santosh Kumar,Vijayalaxmi,4:00 to 6:00pm ,9611750254,77.15707,16.85078,
Kattige shahapur    ,Hattikuni,Santosh Kumar,Savita,4:00 to 6:00pm ,9845817445,77.19816,16.85278,
Bandalli   ,Hattikuni,Santosh Kumar,Mahalaxmi,7:45 to 9:45am,9900843727,77.14214,16.80202,
Yaddalli     ,Hattikuni,Santosh Kumar,Akkamahadevi ,4:00 to 6:00pm ,9980659340,77.15009,16.83931,
Horuncha     ,Yargola,Vishwanath,Sunita ,4:00 to 6:00pm ,9900131087,77.13606,16.83884,
Bachawar     ,Hattikuni,Santosh Kumar,Bhaganna ,7:45 to 9:45am,9740300187,77.13102,16.90302,
Koliwada GMPS,Ramasamudra,Mahantesh,Basalingamma,7:45 to 9:45am,9880019962,77.14417,16.76918,
Ramasamudra,Ramasamudra,Mahantesh,Shivaganga ,4:00 to 6:00pm ,9880019962,77.23464,16.77147,
Ashanal    ,Ramasamudra,Mahantesh,Sridevi ,4:00 to 6:00pm ,9900131452,77.21172,16.79521,
Warkanhalli     ,Ramasamudra,Mahantesh,Mallamma ,7:45 to 9:45am,9901074138,77.18891,16.74792,
Koilur     ,Ramasamudra,Mahantesh,Bhimashappa ,4:00 to 6:00pm ,9902958440,77.17321,16.7191,
Mustor     ,Ramasamudra,Mahantesh,Sharanappa ,4:00 to 6:00pm ,9591473802,77.16785,16.70023,
Hedgimadra     ,Hedagimadra,Hanamanta,Radha ,4:00 to 6:00pm ,8151828372,77.01499,16.81358,
Bommashettahalli     ,Hedagimadra,Hanamanta,Malappa,4:00 to 6:00pm ,8861759298,77.04659,16.81158,
Abbetumkur     ,Hedagimadra,Hanamanta,Devamma,7:45 to 9:45am,9739281480,77.07587,16.76807,
Talak     ,Hedagimadra,Hanamanta,Neelamma,7:45 to 9:45am,9900835374,77.004,16.82515,
Ghanapur     ,Yelheri,Basavaraj,Priya,4:00 to 6:00pm ,7259305624,77.3115,16.7543,Carl Schurz Park
