NAME,TEL,URL,ADDRESS1,ADDRES2,CITY,ZIP,lon,lat
Yargola AWC,Coordinator name,Strength,Anganwadi helper,coordinator no,Yadgir,585201,77.0611953735,16.9057418263
Yargola 2 AWC,(800) 775-1617,http://www.bestofoffbroadway.com/theaters/47streettheatre.html,304 West 47th Street,,New York,10036,77.0648860931,16.9036066561
Yadgir Railway Station AWC,(212) 753-5959,http://www.59e59.org/,59 East 59th Street,,New York,10022,77.1317052841,16.7449207051
Thangunda AWC,(212) 279-4200,http://www.theatrerow.org/theacorn.htm,410 West 42nd Street,,New York,10036,77.0539855957,16.795420495
V.Nagar Thanda AWC,(212) 239-6200,http://www.newyorkcitytheatre.com/theaters/alhirschfeldtheater/theater.php,302 W 45th Street,,New York,10036,77.093038559,16.8366650359
Hedagmadra AWC,(800) 432-7565,http://www.shubertorganization.com/theatres/ambassador.asp,219 West 49th Street,,New York,10019,77.0155334473,16.8140720262
Wadnalli AWC,(212) 719-9393,http://www.newyorkcitytheatre.com/theaters/americanairlinestheater/theater.php,227 W 42nd Street,,New York,10036,77.0615386963,16.8627052695
Allipur AWC,(212) 531-5300,http://www.apollotheater.org/,253 West 125th Street,,New York,10027,77.0926094055,16.8438120815
Arakera B AWC,(212) 595-0355,http://www.nytheatre.com/nytheatre/arclight.htm,152 W 71st St,,New York,10023,77.0227432251,16.8446335637
Addetumkur AWC,(212) 254-4370,http://www.newyorkcitytheatre.com/theaters/astorplacetheater/theater.php,434 Lafayette St,Frnt,New York,10003,77.0752716064,16.7687135709
Yadgir GN AWC,(212) 645-1242,http://www.atlantictheater.org/,336 W 20th St,,New York,10011,77.1372413635,16.7708502629
Mundargi AWC,(212) 239-6200,http://www.newyorkcitytheatre.com/theaters/augustwilsontheater/theater.php,245 W 52nd Street,,New York,10019,77.1823883057,16.7769314858
Ashanal AWC,(212) 243-6262,http://www.barrowstreettheatre.com/index.asp,27 Barrow St,,New York,10014,77.2163772583,16.8004327606
Honagera AWC,(212) 465-6500,http://www.beacontheatre.com/,2124 Broadway,,New York,10023,77.1865081787,16.8199875473
Ramasamudra AWC,(212) 944-3700,http://www.shubertorganization.com/theatres/belasco.asp,111 W 44th St,,New York,10036,77.2342300415,16.7728225727
Bandalli AWC,(212) 944-3700,http://www.shubertorganization.com/theatres/bernard_b_jacobs.asp,242 W 45th Street,,New York,10036,77.144536972,16.8022404305
Yaddalli AWC,(212) 260-8250,http://www.45bleecker.com/,45 Bleecker Street,,New York,10012,77.149772644,16.8398689173
Horuncha AWC,(212) 944-3700,http://www.shubertorganization.com/theatres/booth.asp,222 W 45th St,,New York,10036,77.1295166016,16.8377330024
S.Hosalli AWC,(212) 944-3700,http://www.shubertorganization.com/theatres/broadhurst.asp,235 W 44th St,,New York,10036,77.2275352478,16.8461122226
K.Shahpur AWC,(212) 944-3700,http://www.shubertorganization.com/theatres/broadway.asp,1681 Broadway,,New York,10019,77.1995544434,16.8515338733
Warknahalli AWC,(212) 719-4099,http://www.brooksatkinsontheater.com/,256 W 47th St,,New York,10036,77.190284729,16.7473453301
Yelleri AWC,(212) 941-9400,http://www.castillo.org/,543 West 42nd Street,,New York,10036,77.3313903809,16.7300846155
Balichakra AWC,(212) 239-6200,http://www.theatermania.com/new-york/theaters/century-center-for-the-performing-arts_59/,111 E 15th St,,New York,10003,77.2608375549,16.6759909272
Nagalapura AWC,(212) 989-2020�,http://cherrylanetheatre.org/,38 Commerce Street,,New York,10014,77.259979248,16.6934209618
Kalebelagundi AWC,(212) 307-0388,http://www.circlesquare.org/,1633 Broadway,,New York,10019,77.3130226135,16.6559279777
Madhwar AWC,(212) 982-2287,http://www.connellycenter.org/theatre.htm,220 E 4th St,,New York,10009,77.3355102539,16.648691644
Madhwar 2 AWC,(212) 944-3700,http://www.shubertorganization.com/theatres/cort.asp,138 W 48th St,,New York,10036,77.3386001587,16.6463891168
Yelleri 2 AWC,(212) 375-1110,http://www.darylroththeatre.com/,101 E 15th St,,New York,10003,77.3315620422,16.7271254788
Koyiluru AWC,(646) 223-3010,http://www.new42.org/duke/duke_home.aspx,229 W. 42nd St,,New York,10036,77.1731185913,16.7180833879
Killankera AWC,(212) 975-4321,http://www.newyorkcitytheatre.com/theaters/edsullivantheater/theater.php,1697 Broadway,,New York,10019,77.2615242004,16.6381655798
Mustooru AWC,(212) 944-3700,http://www.shubertorganization.com/theatres/ethel_barrymore.asp,243 West 47th Street,,New York,10036,77.1682691574,16.6986414411
Jinkera AWC,(888) VISIT-NY,http://www.ibdb.com/venue.php?id=1158,230 W 49th St,,New York,10019,77.2056913376,16.6912422944
Yadlapur AWC,(212) 777-1767,http://www.genefrankel.com/presentation_content.html,24 Bond St,,New York,10012,77.3136234283,16.8791325939
Soudagar Tanda,(212) 944-3700,http://www.shubertorganization.com/theatres/gerald_schoenfeld.asp,236 W 45th Street,,New York,10036,77.1469402313,16.8835677266
Hattikuni AWC,(212) 586-6510,http://www.gershwintheatre.com/,222 W 51st St,,New York,10019,77.156124115,16.8500552567
Rampura AWC,(212) 889-2850,http://www.theatermania.com/new-york/theaters/gramercy-arts-theatre_657/,138 E 27th St,,New York,10016,77.2640991211,16.8875099792
Motnahalli AWC,(888) VISIT-NY,http://www.theatermania.com/new-york/theaters/greenwich-street-theatre_196/,547 Greenwich St,,New York,10013,77.2155189514,16.9264352999
Rampura 2 AWC,(888) VISIT-NY,http://www.theatermania.com/new-york/theaters/harold-clurman-theater_695/,412 W 42nd St,,New York,10036,77.266330719,16.886360164
Chapetla AWC,(212) 944-9450,http://www.nytheatre.com/nytheatre/hayes.htm,240 W 44th St,,New York,10036,77.3361968994,16.8758472433
Himlapur AWC,(212) 719-1300,http://www.roundabouttheatre.org/hmt/,124 W 43rd St,,New York,10036,77.3384284973,16.8648409025
Kotagera AWC,(212) 352-3101,http://www.here.org,145 6th Avenue,,New York,10013,77.2414398193,16.8957227411
Dharmapur AWC,(212) 556-4750,http://www.hiltontheatre.com/home.php?size=1280,214 W 43rd Street,,New York,10036,77.3734474182,16.818673003
K. Hosalli AWC,(212) 944-3700,http://www.shubertorganization.com/theatres/imperial.asp,249 W 45th St,,New York,10036,77.2386932373,16.9257783992
Hattikuni 2 AWC,(212) 924-8404,http://www.nyc.com/arts__attractions/jane_street_theatre.98884/editorial_review.aspx,113 Jane St,,New York,10014,77.1528625488,16.850219548
Hattikuni 3 AWC,(212) 944-3700,http://www.shubertorganization.com/theatres/john_golden.asp,252 W 45th St,,New York,10036,77.1513175964,16.8489052136
Hattikuni 4 AWC,(212) 757-3900,http://www.womensproject.org/julia_miles_theater.htm,424 W 55th St,,New York,10019,77.154750824,16.8475908701
Bachawar 2 AWC,(888) VISIT-NY,http://www.httheater.org/rentersKRAINE.html,85 E 4th Street,,New York,10003,77.1272850037,16.9039351454
Bachawar Tanda AWC,(212) 475-7710,http://www.lamama.org/,74A East 4th St,,New York,10003,77.1180152893,16.9029496757
Bachawar AWC,(212) 302-7847,http://www.lambstheatre.org/,130 W 44th St,,New York,10036,77.1259117126,16.9039351454
Chamnalli AWC,(212) 719-9393,http://www.nytheatre.com/nytheatre/venue.php?t=laurapels,111 W 46th Street,,New York,10001,77.1288299561,16.8102925689
Chamnalli Tanda AWC,(212) 714-2442,http://www.nytheatre.com/nytheatre/venue.php?t=lion,410 W 42nd St,,New York,10036,77.1224784851,16.8047054072
Gajarkot AWC,(212) 944-3700,http://www.shubertorganization.com/theatres/longacre.asp,220 W 48th St,,New York,10036,77.2841835022,16.8967082485
Gajarkot 2 AWC,(212) 924-8782,http://www.lortel.org/llt_theater/,121 Christopher St,,New York,10014,77.287273407,16.8962154954
Chintkunta AWC,(212) 575-9200,http://www.luntfontannetheatre.com/,205 W 46th St,,New York,10036,77.2488212585,16.9274206467
M T Palli AWC,(212) 944-3700,http://www.shubertorganization.com/theatres/lyceum.asp,149 W 45th St,,New York,10036,77.3415184021,16.9059060692
Devarahalli AWC,(212) 944-3700,http://www.shubertorganization.com/theatres/majestic.asp,245 W 44th St,,New York,10036,77.3193740845,16.9252857221
Kaklawar AWC,(212) 925-1900,http://www.met.com/,55 Mercer St,,New York,10013,77.3519897461,16.8945729759
Kaklawar 2 AWC,(212) 260-4698,http://www.theatresource.org/index.htm,177 MacDougal St,Frnt,New York,10011,77.3526763916,16.8924376792
Borabanda AWC,(212) 382-0100,http://www.marquistheatre.com/,1535 Broadway,,New York,10036,77.379283905,16.8313251132
Yadlapura 2 AWC,(212) 780-2300,http://www.newyorkcitytheatre.com/theaters/mazertheater/location.php,197 E Broadway,,New York,10002,77.3157691956,16.8788040614
Kotagera 2 AWC,(212) 787-3242,http://www.theatermania.com/broadway/theaters/mcginncazale-theater_186/,2162 Broadway,,New York,10024,77.2429847717,16.8944087232
Bhoodur AWC,(212) 995-8410,http://www.metropolitanplayhouse.org/,220 E 4th St,,New York,10009,77.3591995239,16.8530124784
